<?xml version="1.0" encoding="UTF-8"?>
<project-private xmlns="http://www.netbeans.org/ns/project-private/1">
    <editor-bookmarks xmlns="http://www.netbeans.org/ns/editor-bookmarks/2" lastBookmarkId="0"/>
    <open-files xmlns="http://www.netbeans.org/ns/projectui-open-files/2">
        <group>
            <file>file:/D:/University/4th%20Semester/Database/Project/CakeOrderManagementSystem/src/cakeordermanagementsystem/UpdateOrderPage.java</file>
            <file>file:/D:/University/4th%20Semester/Database/Project/CakeOrderManagementSystem/src/cakeordermanagementsystem/ViewCustomerPage.java</file>
            <file>file:/D:/University/4th%20Semester/Database/Project/CakeOrderManagementSystem/src/cakeordermanagementsystem/CancelOrder.java</file>
            <file>file:/D:/University/4th%20Semester/Database/Project/CakeOrderManagementSystem/src/cakeordermanagementsystem/DeliveryControlPage.java</file>
            <file>file:/D:/University/4th%20Semester/Database/Project/CakeOrderManagementSystem/src/cakeordermanagementsystem/AdminCustomerPage.java</file>
            <file>file:/D:/University/4th%20Semester/Database/Project/CakeOrderManagementSystem/src/cakeordermanagementsystem/UpdatePersonalPage.java</file>
            <file>file:/D:/University/4th%20Semester/Database/Project/CakeOrderManagementSystem/src/cakeordermanagementsystem/CakeCatalogPage.java</file>
            <file>file:/D:/University/4th%20Semester/Database/Project/CakeOrderManagementSystem/src/cakeordermanagementsystem/PlaceOrder.java</file>
            <file>file:/D:/University/4th%20Semester/Database/Project/CakeOrderManagementSystem/src/cakeordermanagementsystem/SignupPage.java</file>
            <file>file:/D:/University/4th%20Semester/Database/Project/CakeOrderManagementSystem/src/cakeordermanagementsystem/UpdateCakePage.java</file>
            <file>file:/D:/University/4th%20Semester/Database/Project/CakeOrderManagementSystem/src/cakeordermanagementsystem/AddOrderPage.java</file>
            <file>file:/D:/University/4th%20Semester/Database/Project/CakeOrderManagementSystem/src/cakeordermanagementsystem/TrackDelivery.java</file>
            <file>file:/D:/University/4th%20Semester/Database/Project/CakeOrderManagementSystem/src/cakeordermanagementsystem/RemoveCakePage.java</file>
            <file>file:/D:/University/4th%20Semester/Database/Project/CakeOrderManagementSystem/src/cakeordermanagementsystem/TrackOrderPage.java</file>
            <file>file:/D:/University/4th%20Semester/Database/Project/CakeOrderManagementSystem/src/cakeordermanagementsystem/PaymentOption.java</file>
            <file>file:/D:/University/4th%20Semester/Database/Project/CakeOrderManagementSystem/src/cakeordermanagementsystem/AddCustomerPage.java</file>
            <file>file:/D:/University/4th%20Semester/Database/Project/CakeOrderManagementSystem/src/cakeordermanagementsystem/UpdateCustomerPage.java</file>
            <file>file:/D:/University/4th%20Semester/Database/Project/CakeOrderManagementSystem/src/cakeordermanagementsystem/BrowseCake.java</file>
            <file>file:/D:/University/4th%20Semester/Database/Project/CakeOrderManagementSystem/src/cakeordermanagementsystem/OrderManagementPage.java</file>
            <file>file:/D:/University/4th%20Semester/Database/Project/CakeOrderManagementSystem/src/cakeordermanagementsystem/WelcomePage.java</file>
            <file>file:/D:/University/4th%20Semester/Database/Project/CakeOrderManagementSystem/src/cakeordermanagementsystem/CustomerAccessPage.java</file>
            <file>file:/D:/University/4th%20Semester/Database/Project/CakeOrderManagementSystem/src/cakeordermanagementsystem/AddNewCakePage.java</file>
            <file>file:/D:/University/4th%20Semester/Database/Project/CakeOrderManagementSystem/src/cakeordermanagementsystem/CustomerModulesPage.java</file>
            <file>file:/D:/University/4th%20Semester/Database/Project/CakeOrderManagementSystem/src/cakeordermanagementsystem/CakeOrderManagementSystem.java</file>
            <file>file:/D:/University/4th%20Semester/Database/Project/CakeOrderManagementSystem/src/cakeordermanagementsystem/AddPersonalPage.java</file>
            <file>file:/D:/University/4th%20Semester/Database/Project/CakeOrderManagementSystem/src/cakeordermanagementsystem/RemovePersonalPage.java</file>
            <file>file:/D:/University/4th%20Semester/Database/Project/CakeOrderManagementSystem/src/cakeordermanagementsystem/LoginPage.java</file>
            <file>file:/D:/University/4th%20Semester/Database/Project/CakeOrderManagementSystem/src/cakeordermanagementsystem/FeedbackAndRatings.java</file>
            <file>file:/D:/University/4th%20Semester/Database/Project/CakeOrderManagementSystem/src/cakeordermanagementsystem/ViewPersonalPage.java</file>
            <file>file:/D:/University/4th%20Semester/Database/Project/CakeOrderManagementSystem/src/cakeordermanagementsystem/DeleteCustomerPage.java</file>
            <file>file:/D:/University/4th%20Semester/Database/Project/CakeOrderManagementSystem/src/cakeordermanagementsystem/DeleteOrderPage.java</file>
            <file>file:/D:/University/4th%20Semester/Database/Project/CakeOrderManagementSystem/src/cakeordermanagementsystem/AdminModulesPage.java</file>
            <file>file:/D:/University/4th%20Semester/Database/Project/CakeOrderManagementSystem/src/cakeordermanagementsystem/DisplayCakePage.java</file>
        </group>
    </open-files>
</project-private>
